Argentina,Beverages
Argentina,Condiments
Argentina,Confections
Argentina,Dairy Products
Argentina,Grains/Cereals
Argentina,Produce
Argentina,Seafood
Austria,Beverages
Austria,Condiments
Austria,Confections
Austria,Dairy Products
Austria,Grains/Cereals
Austria,Meat/Poultry
Austria,Produce
Austria,Seafood
Belgium,Beverages
Belgium,Condiments
Belgium,Confections
Belgium,Dairy Products
Belgium,Grains/Cereals
Belgium,Meat/Poultry
Belgium,Produce
Belgium,Seafood
Brazil,Beverages
Brazil,Condiments
Brazil,Confections
Brazil,Dairy Products
Brazil,Grains/Cereals
Brazil,Meat/Poultry
Brazil,Produce
Brazil,Seafood
Canada,Beverages
Canada,Condiments
Canada,Confections
Canada,Dairy Products
Canada,Grains/Cereals
Canada,Meat/Poultry
Canada,Produce
Canada,Seafood
Denmark,Beverages
Denmark,Condiments
Denmark,Confections
Denmark,Dairy Products
Denmark,Grains/Cereals
Denmark,Meat/Poultry
Denmark,Produce
Denmark,Seafood
Finland,Beverages
Finland,Condiments
Finland,Confections
Finland,Dairy Products
Finland,Grains/Cereals
Finland,Meat/Poultry
Finland,Produce
Finland,Seafood
France,Beverages
France,Condiments
France,Confections
France,Dairy Products
France,Grains/Cereals
France,Meat/Poultry
France,Produce
France,Seafood
Germany,Beverages
Germany,Condiments
Germany,Confections
Germany,Dairy Products
Germany,Grains/Cereals
Germany,Meat/Poultry
Germany,Produce
Germany,Seafood
Ireland,Beverages
Ireland,Condiments
Ireland,Confections
Ireland,Dairy Products
Ireland,Grains/Cereals
Ireland,Meat/Poultry
Ireland,Produce
Ireland,Seafood
Italy,Beverages
Italy,Condiments
Italy,Confections
Italy,Dairy Products
Italy,Grains/Cereals
Italy,Meat/Poultry
Italy,Produce
Italy,Seafood
Mexico,Beverages
Mexico,Condiments
Mexico,Confections
Mexico,Dairy Products
Mexico,Grains/Cereals
Mexico,Meat/Poultry
Mexico,Produce
Mexico,Seafood
Norway,Beverages
Norway,Condiments
Norway,Confections
Norway,Dairy Products
Norway,Meat/Poultry
Norway,Produce
Norway,Seafood
Poland,Beverages
Poland,Condiments
Poland,Confections
Poland,Dairy Products
Poland,Meat/Poultry
Poland,Produce
Poland,Seafood
Portugal,Beverages
Portugal,Condiments
Portugal,Confections
Portugal,Dairy Products
Portugal,Grains/Cereals
Portugal,Meat/Poultry
Portugal,Produce
Portugal,Seafood
Spain,Beverages
Spain,Condiments
Spain,Confections
Spain,Dairy Products
Spain,Grains/Cereals
Spain,Meat/Poultry
Spain,Produce
Spain,Seafood
Sweden,Beverages
Sweden,Condiments
Sweden,Confections
Sweden,Dairy Products
Sweden,Grains/Cereals
Sweden,Meat/Poultry
Sweden,Produce
Sweden,Seafood
Switzerland,Beverages
Switzerland,Condiments
Switzerland,Confections
Switzerland,Dairy Products
Switzerland,Grains/Cereals
Switzerland,Meat/Poultry
Switzerland,Produce
Switzerland,Seafood
UK,Beverages
UK,Condiments
UK,Confections
UK,Dairy Products
UK,Grains/Cereals
UK,Meat/Poultry
UK,Produce
UK,Seafood
USA,Beverages
USA,Condiments
USA,Confections
USA,Dairy Products
USA,Grains/Cereals
USA,Meat/Poultry
USA,Produce
USA,Seafood
Venezuela,Beverages
Venezuela,Condiments
Venezuela,Confections
Venezuela,Dairy Products
Venezuela,Grains/Cereals
Venezuela,Meat/Poultry
Venezuela,Produce
Venezuela,Seafood
